name,headline,location,about,url
Google,Software Development,,,https://www.linkedin.com/company/google/
Microsoft,Software Development,,,https://www.linkedin.com/company/microsoft/
Join LinkedIn,Security verification,,,https://www.linkedin.com/company/amazon/
Join LinkedIn,Security verification,,,https://www.linkedin.com/company/apple/
Join LinkedIn,Security verification,,,https://www.linkedin.com/company/meta/
Join LinkedIn,Security verification,,,https://www.linkedin.com/company/nvidia/
Join LinkedIn,Security verification,,,https://www.linkedin.com/company/tesla/
OpenAI,Research Services,,,https://www.linkedin.com/company/openai/
IBM,IT Services and IT Consulting,,,https://www.linkedin.com/company/ibm/
Adobe,Software Development,,,https://www.linkedin.com/company/adobe/
Join LinkedIn,Security verification,,,https://www.linkedin.com/company/salesforce/
Join LinkedIn,Security verification,,,https://www.linkedin.com/company/netflix/
Join LinkedIn,Security verification,,,https://www.linkedin.com/company/intel/
Join LinkedIn,Security verification,,,https://www.linkedin.com/company/spotify/
Join LinkedIn,Security verification,,,https://www.linkedin.com/company/zoho/
Join LinkedIn,Security verification,,,https://www.linkedin.com/company/byjus/
Join LinkedIn,Security verification,,,https://www.linkedin.com/company/tcs/
Join LinkedIn,Security verification,,,https://www.linkedin.com/company/infosys/
Join LinkedIn,Security verification,,,https://www.linkedin.com/company/wipro/
Join LinkedIn,Security verification,,,https://www.linkedin.com/company/accenture/
